municipality,stream,year,tonnes,operator,source_edition
Alcochete,selective_packaging_paper_glass,2023,1129,Amarsul,2024_comparison
Alcochete,selective_packaging_paper_glass,2024,1508,Amarsul,2024_comparison
Alcochete,biowaste_treated,2023,357,Amarsul,2024_comparison
Alcochete,biowaste_treated,2024,786,Amarsul,2024_comparison
Alcochete,mixed_waste_treated,2023,7653,Amarsul,2024_comparison
Alcochete,mixed_waste_treated,2024,7514,Amarsul,2024_comparison
Almada,selective_packaging_paper_glass,2023,10757,Amarsul,2024_comparison
Almada,selective_packaging_paper_glass,2024,12838,Amarsul,2024_comparison
Almada,biowaste_treated,2023,4068,Amarsul,2024_comparison
Almada,biowaste_treated,2024,4682,Amarsul,2024_comparison
Almada,mixed_waste_treated,2023,66267,Amarsul,2024_comparison
Almada,mixed_waste_treated,2024,68920,Amarsul,2024_comparison
Barreiro,selective_packaging_paper_glass,2023,3801,Amarsul,2024_comparison
Barreiro,selective_packaging_paper_glass,2024,4585,Amarsul,2024_comparison
Barreiro,biowaste_treated,2023,810,Amarsul,2024_comparison
Barreiro,biowaste_treated,2024,1387,Amarsul,2024_comparison
Barreiro,mixed_waste_treated,2023,26209,Amarsul,2024_comparison
Barreiro,mixed_waste_treated,2024,26993,Amarsul,2024_comparison
Moita,selective_packaging_paper_glass,2023,3034,Amarsul,2024_comparison
Moita,selective_packaging_paper_glass,2024,3762,Amarsul,2024_comparison
Moita,biowaste_treated,2023,1372,Amarsul,2024_comparison
Moita,biowaste_treated,2024,1586,Amarsul,2024_comparison
Moita,mixed_waste_treated,2023,23524,Amarsul,2024_comparison
Moita,mixed_waste_treated,2024,24477,Amarsul,2024_comparison
Montijo,selective_packaging_paper_glass,2023,2671,Amarsul,2024_comparison
Montijo,selective_packaging_paper_glass,2024,3271,Amarsul,2024_comparison
Montijo,biowaste_treated,2023,167,Amarsul,2024_comparison
Montijo,biowaste_treated,2024,528,Amarsul,2024_comparison
Montijo,mixed_waste_treated,2023,21688,Amarsul,2024_comparison
Montijo,mixed_waste_treated,2024,22393,Amarsul,2024_comparison
Palmela,selective_packaging_paper_glass,2023,3659,Amarsul,2024_comparison
Palmela,selective_packaging_paper_glass,2024,4508,Amarsul,2024_comparison
Palmela,biowaste_treated,2023,1769,Amarsul,2024_comparison
Palmela,biowaste_treated,2024,1351,Amarsul,2024_comparison
Palmela,mixed_waste_treated,2023,26559,Amarsul,2024_comparison
Palmela,mixed_waste_treated,2024,28910,Amarsul,2024_comparison
Seixal,selective_packaging_paper_glass,2023,9323,Amarsul,2024_comparison
Seixal,selective_packaging_paper_glass,2024,11039,Amarsul,2024_comparison
Seixal,biowaste_treated,2023,5131,Amarsul,2024_comparison
Seixal,biowaste_treated,2024,6228,Amarsul,2024_comparison
Seixal,mixed_waste_treated,2023,53809,Amarsul,2024_comparison
Seixal,mixed_waste_treated,2024,56090,Amarsul,2024_comparison
Sesimbra,selective_packaging_paper_glass,2023,3405,Amarsul,2024_comparison
Sesimbra,selective_packaging_paper_glass,2024,4116,Amarsul,2024_comparison
Sesimbra,biowaste_treated,2023,1584,Amarsul,2024_comparison
Sesimbra,biowaste_treated,2024,2169,Amarsul,2024_comparison
Sesimbra,mixed_waste_treated,2023,24083,Amarsul,2024_comparison
Sesimbra,mixed_waste_treated,2024,25418,Amarsul,2024_comparison
Setúbal,selective_packaging_paper_glass,2023,6124,Amarsul,2024_comparison
Setúbal,selective_packaging_paper_glass,2024,7309,Amarsul,2024_comparison
Setúbal,biowaste_treated,2023,3484,Amarsul,2024_comparison
Setúbal,biowaste_treated,2024,4675,Amarsul,2024_comparison
Setúbal,mixed_waste_treated,2023,49662,Amarsul,2024_comparison
Setúbal,mixed_waste_treated,2024,49683,Amarsul,2024_comparison
